{
  "version": "v4",
  "repo": "borisyankov/DefinitelyTyped",
  "ref": "master",
  "path": "typings",
  "bundle": "typings/tsd.d.ts",
  "installed": {
    "angularjs/angular.d.ts": {
      "commit": "fa04c80f4a889613b96cb4f283848c61a9f64233"
    },
    "jquery/jquery.d.ts": {
      "commit": "fa04c80f4a889613b96cb4f283848c61a9f64233"
    },
    "angular-ui-router/angular-ui-router.d.ts": {
      "commit": "fa04c80f4a889613b96cb4f283848c61a9f64233"
    },
    "angularjs/angular-sanitize.d.ts": {
      "commit": "fa04c80f4a889613b96cb4f283848c61a9f64233"
    }
  }
}
